[
  {"name": "Stora Mellösa", "country": "Sweden", "countryCode": "SE", "timezone": "Europe/Stockholm", "code": "STM", "region": "europe"},
  {"name": "Stockholm", "country": "Sweden", "countryCode": "SE", "timezone": "Europe/Stockholm", "code": "ARN", "region": "europe"},
  {"name": "Gothenburg", "country": "Sweden", "countryCode": "SE", "timezone": "Europe/Stockholm", "code": "GOT", "region": "europe"},
  {"name": "Malmö", "country": "Sweden", "countryCode": "SE", "timezone": "Europe/Stockholm", "code": "MMA", "region": "europe"},
  {"name": "Uppsala", "country": "Sweden", "countryCode": "SE", "timezone": "Europe/Stockholm", "code": "UPP", "region": "europe"},
  {"name": "Örebro", "country": "Sweden", "countryCode": "SE", "timezone": "Europe/Stockholm", "code": "ORB", "region": "europe"},
  {"name": "Linköping", "country": "Sweden", "countryCode": "SE", "timezone": "Europe/Stockholm", "code": "LNK", "region": "europe"},
  {"name": "Oslo", "country": "Norway", "countryCode": "NO", "timezone": "Europe/Oslo", "code": "OSL", "region": "europe"},
  {"name": "Bergen", "country": "Norway", "countryCode": "NO", "timezone": "Europe/Oslo", "code": "BGO", "region": "europe"},
  {"name": "Trondheim", "country": "Norway", "countryCode": "NO", "timezone": "Europe/Oslo", "code": "TRD", "region": "europe"},
  {"name": "Copenhagen", "country": "Denmark", "countryCode": "DK", "timezone": "Europe/Copenhagen", "code": "CPH", "region": "europe"},
  {"name": "Aarhus", "country": "Denmark", "countryCode": "DK", "timezone": "Europe/Copenhagen", "code": "AAR", "region": "europe"},
  {"name": "Helsinki", "country": "Finland", "countryCode": "FI", "timezone": "Europe/Helsinki", "code": "HEL", "region": "europe"},
  {"name": "Tampere", "country": "Finland", "countryCode": "FI", "timezone": "Europe/Helsinki", "code": "TMP", "region": "europe"},
  {"name": "Reykjavik", "country": "Iceland", "countryCode": "IS", "timezone": "Atlantic/Reykjavik", "code": "REK", "region": "europe"},
  {"name": "London", "country": "United Kingdom", "countryCode": "GB", "timezone": "Europe/London", "code": "LON", "region": "europe"},
  {"name": "Manchester", "country": "United Kingdom", "countryCode": "GB", "timezone": "Europe/London", "code": "MAN", "region": "europe"},
  {"name": "Birmingham", "country": "United Kingdom", "countryCode": "GB", "timezone": "Europe/London", "code": "BHX", "region": "europe"},
  {"name": "Edinburgh", "country": "United Kingdom", "countryCode": "GB", "timezone": "Europe/London", "code": "EDI", "region": "europe"},
  {"name": "Glasgow", "country": "United Kingdom", "countryCode": "GB", "timezone": "Europe/London", "code": "GLA", "region": "europe"},
  {"name": "Dublin", "country": "Ireland", "countryCode": "IE", "timezone": "Europe/Dublin", "code": "DUB", "region": "europe"},
  {"name": "Paris", "country": "France", "countryCode": "FR", "timezone": "Europe/Paris", "code": "PAR", "region": "europe"},
  {"name": "Lyon", "country": "France", "countryCode": "FR", "timezone": "Europe/Paris", "code": "LYS", "region": "europe"},
  {"name": "Marseille", "country": "France", "countryCode": "FR", "timezone": "Europe/Paris", "code": "MRS", "region": "europe"},
  {"name": "Nice", "country": "France", "countryCode": "FR", "timezone": "Europe/Paris", "code": "NCE", "region": "europe"},
  {"name": "Bordeaux", "country": "France", "countryCode": "FR", "timezone": "Europe/Paris", "code": "BOD", "region": "europe"},
  {"name": "Amsterdam", "country": "Netherlands", "countryCode": "NL", "timezone": "Europe/Amsterdam", "code": "AMS", "region": "europe"},
  {"name": "Rotterdam", "country": "Netherlands", "countryCode": "NL", "timezone": "Europe/Amsterdam", "code": "RTM", "region": "europe"},
  {"name": "Brussels", "country": "Belgium", "countryCode": "BE", "timezone": "Europe/Brussels", "code": "BRU", "region": "europe"},
  {"name": "Antwerp", "country": "Belgium", "countryCode": "BE", "timezone": "Europe/Brussels", "code": "ANR", "region": "europe"},
  {"name": "Luxembourg", "country": "Luxembourg", "countryCode": "LU", "timezone": "Europe/Luxembourg", "code": "LUX", "region": "europe"},
  {"name": "Berlin", "country": "Germany", "countryCode": "DE", "timezone": "Europe/Berlin", "code": "BER", "region": "europe"},
  {"name": "Munich", "country": "Germany", "countryCode": "DE", "timezone": "Europe/Berlin", "code": "MUC", "region": "europe"},
  {"name": "Frankfurt", "country": "Germany", "countryCode": "DE", "timezone": "Europe/Berlin", "code": "FRA", "region": "europe"},
  {"name": "Hamburg", "country": "Germany", "countryCode": "DE", "timezone": "Europe/Berlin", "code": "HAM", "region": "europe"},
  {"name": "Cologne", "country": "Germany", "countryCode": "DE", "timezone": "Europe/Berlin", "code": "CGN", "region": "europe"},
  {"name": "Düsseldorf", "country": "Germany", "countryCode": "DE", "timezone": "Europe/Berlin", "code": "DUS", "region": "europe"},
  {"name": "Stuttgart", "country": "Germany", "countryCode": "DE", "timezone": "Europe/Berlin", "code": "STR", "region": "europe"},
  {"name": "Vienna", "country": "Austria", "countryCode": "AT", "timezone": "Europe/Vienna", "code": "VIE", "region": "europe"},
  {"name": "Salzburg", "country": "Austria", "countryCode": "AT", "timezone": "Europe/Vienna", "code": "SZG", "region": "europe"},
  {"name": "Zurich", "country": "Switzerland", "countryCode": "CH", "timezone": "Europe/Zurich", "code": "ZRH", "region": "europe"},
  {"name": "Geneva", "country": "Switzerland", "countryCode": "CH", "timezone": "Europe/Zurich", "code": "GVA", "region": "europe"},
  {"name": "Bern", "country": "Switzerland", "countryCode": "CH", "timezone": "Europe/Zurich", "code": "BRN", "region": "europe"},
  {"name": "Prague", "country": "Czech Republic", "countryCode": "CZ", "timezone": "Europe/Prague", "code": "PRG", "region": "europe"},
  {"name": "Warsaw", "country": "Poland", "countryCode": "PL", "timezone": "Europe/Warsaw", "code": "WAW", "region": "europe"},
  {"name": "Krakow", "country": "Poland", "countryCode": "PL", "timezone": "Europe/Warsaw", "code": "KRK", "region": "europe"},
  {"name": "Budapest", "country": "Hungary", "countryCode": "HU", "timezone": "Europe/Budapest", "code": "BUD", "region": "europe"},
  {"name": "Bratislava", "country": "Slovakia", "countryCode": "SK", "timezone": "Europe/Bratislava", "code": "BTS", "region": "europe"},
  {"name": "Rome", "country": "Italy", "countryCode": "IT", "timezone": "Europe/Rome", "code": "ROM", "region": "europe"},
  {"name": "Milan", "country": "Italy", "countryCode": "IT", "timezone": "Europe/Rome", "code": "MIL", "region": "europe"},
  {"name": "Venice", "country": "Italy", "countryCode": "IT", "timezone": "Europe/Rome", "code": "VCE", "region": "europe"},
  {"name": "Florence", "country": "Italy", "countryCode": "IT", "timezone": "Europe/Rome", "code": "FLR", "region": "europe"},
  {"name": "Naples", "country": "Italy", "countryCode": "IT", "timezone": "Europe/Rome", "code": "NAP", "region": "europe"},
  {"name": "Madrid", "country": "Spain", "countryCode": "ES", "timezone": "Europe/Madrid", "code": "MAD", "region": "europe"},
  {"name": "Barcelona", "country": "Spain", "countryCode": "ES", "timezone": "Europe/Madrid", "code": "BCN", "region": "europe"},
  {"name": "Valencia", "country": "Spain", "countryCode": "ES", "timezone": "Europe/Madrid", "code": "VLC", "region": "europe"},
  {"name": "Seville", "country": "Spain", "countryCode": "ES", "timezone": "Europe/Madrid", "code": "SVQ", "region": "europe"},
  {"name": "Lisbon", "country": "Portugal", "countryCode": "PT", "timezone": "Europe/Lisbon", "code": "LIS", "region": "europe"},
  {"name": "Porto", "country": "Portugal", "countryCode": "PT", "timezone": "Europe/Lisbon", "code": "OPO", "region": "europe"},
  {"name": "Athens", "country": "Greece", "countryCode": "GR", "timezone": "Europe/Athens", "code": "ATH", "region": "europe"},
  {"name": "Thessaloniki", "country": "Greece", "countryCode": "GR", "timezone": "Europe/Athens", "code": "SKG", "region": "europe"},
  {"name": "Moscow", "country": "Russia", "countryCode": "RU", "timezone": "Europe/Moscow", "code": "MOW", "region": "europe"},
  {"name": "Saint Petersburg", "country": "Russia", "countryCode": "RU", "timezone": "Europe/Moscow", "code": "LED", "region": "europe"},
  {"name": "Kyiv", "country": "Ukraine", "countryCode": "UA", "timezone": "Europe/Kyiv", "code": "KBP", "region": "europe"},
  {"name": "Bucharest", "country": "Romania", "countryCode": "RO", "timezone": "Europe/Bucharest", "code": "BUH", "region": "europe"},
  {"name": "Sofia", "country": "Bulgaria", "countryCode": "BG", "timezone": "Europe/Sofia", "code": "SOF", "region": "europe"},
  {"name": "Belgrade", "country": "Serbia", "countryCode": "RS", "timezone": "Europe/Belgrade", "code": "BEG", "region": "europe"},
  {"name": "Zagreb", "country": "Croatia", "countryCode": "HR", "timezone": "Europe/Zagreb", "code": "ZAG", "region": "europe"},
  {"name": "Ljubljana", "country": "Slovenia", "countryCode": "SI", "timezone": "Europe/Ljubljana", "code": "LJU", "region": "europe"},
  {"name": "Tallinn", "country": "Estonia", "countryCode": "EE", "timezone": "Europe/Tallinn", "code": "TLL", "region": "europe"},
  {"name": "Riga", "country": "Latvia", "countryCode": "LV", "timezone": "Europe/Riga", "code": "RIX", "region": "europe"},
  {"name": "Vilnius", "country": "Lithuania", "countryCode": "LT", "timezone": "Europe/Vilnius", "code": "VNO", "region": "europe"},
  {"name": "Tokyo", "country": "Japan", "countryCode": "JP", "timezone": "Asia/Tokyo", "code": "TYO", "region": "asia"},
  {"name": "Osaka", "country": "Japan", "countryCode": "JP", "timezone": "Asia/Tokyo", "code": "OSA", "region": "asia"},
  {"name": "Kyoto", "country": "Japan", "countryCode": "JP", "timezone": "Asia/Tokyo", "code": "KYO", "region": "asia"},
  {"name": "Nagoya", "country": "Japan", "countryCode": "JP", "timezone": "Asia/Tokyo", "code": "NGO", "region": "asia"},
  {"name": "Sapporo", "country": "Japan", "countryCode": "JP", "timezone": "Asia/Tokyo", "code": "SPK", "region": "asia"},
  {"name": "Fukuoka", "country": "Japan", "countryCode": "JP", "timezone": "Asia/Tokyo", "code": "FUK", "region": "asia"},
  {"name": "Seoul", "country": "South Korea", "countryCode": "KR", "timezone": "Asia/Seoul", "code": "SEL", "region": "asia"},
  {"name": "Busan", "country": "South Korea", "countryCode": "KR", "timezone": "Asia/Seoul", "code": "PUS", "region": "asia"},
  {"name": "Beijing", "country": "China", "countryCode": "CN", "timezone": "Asia/Shanghai", "code": "PEK", "region": "asia"},
  {"name": "Shanghai", "country": "China", "countryCode": "CN", "timezone": "Asia/Shanghai", "code": "SHA", "region": "asia"},
  {"name": "Guangzhou", "country": "China", "countryCode": "CN", "timezone": "Asia/Shanghai", "code": "CAN", "region": "asia"},
  {"name": "Shenzhen", "country": "China", "countryCode": "CN", "timezone": "Asia/Shanghai", "code": "SZX", "region": "asia"},
  {"name": "Chengdu", "country": "China", "countryCode": "CN", "timezone": "Asia/Shanghai", "code": "CTU", "region": "asia"},
  {"name": "Hangzhou", "country": "China", "countryCode": "CN", "timezone": "Asia/Shanghai", "code": "HGH", "region": "asia"},
  {"name": "Hong Kong", "country": "Hong Kong", "countryCode": "HK", "timezone": "Asia/Hong_Kong", "code": "HKG", "region": "asia"},
  {"name": "Taipei", "country": "Taiwan", "countryCode": "TW", "timezone": "Asia/Taipei", "code": "TPE", "region": "asia"},
  {"name": "Macau", "country": "Macau", "countryCode": "MO", "timezone": "Asia/Macau", "code": "MFM", "region": "asia"},
  {"name": "Ulaanbaatar", "country": "Mongolia", "countryCode": "MN", "timezone": "Asia/Ulaanbaatar", "code": "ULN", "region": "asia"},
  {"name": "Singapore", "country": "Singapore", "countryCode": "SG", "timezone": "Asia/Singapore", "code": "SIN", "region": "asia"},
  {"name": "Bangkok", "country": "Thailand", "countryCode": "TH", "timezone": "Asia/Bangkok", "code": "BKK", "region": "asia"},
  {"name": "Chiang Mai", "country": "Thailand", "countryCode": "TH", "timezone": "Asia/Bangkok", "code": "CNX", "region": "asia"},
  {"name": "Phuket", "country": "Thailand", "countryCode": "TH", "timezone": "Asia/Bangkok", "code": "HKT", "region": "asia"},
  {"name": "Ho Chi Minh City", "country": "Vietnam", "countryCode": "VN", "timezone": "Asia/Ho_Chi_Minh", "code": "SGN", "region": "asia"},
  {"name": "Hanoi", "country": "Vietnam", "countryCode": "VN", "timezone": "Asia/Ho_Chi_Minh", "code": "HAN", "region": "asia"},
  {"name": "Da Nang", "country": "Vietnam", "countryCode": "VN", "timezone": "Asia/Ho_Chi_Minh", "code": "DAD", "region": "asia"},
  {"name": "Kuala Lumpur", "country": "Malaysia", "countryCode": "MY", "timezone": "Asia/Kuala_Lumpur", "code": "KUL", "region": "asia"},
  {"name": "Penang", "country": "Malaysia", "countryCode": "MY", "timezone": "Asia/Kuala_Lumpur", "code": "PEN", "region": "asia"},
  {"name": "Jakarta", "country": "Indonesia", "countryCode": "ID", "timezone": "Asia/Jakarta", "code": "JKT", "region": "asia"},
  {"name": "Bali", "country": "Indonesia", "countryCode": "ID", "timezone": "Asia/Makassar", "code": "DPS", "region": "asia"},
  {"name": "Surabaya", "country": "Indonesia", "countryCode": "ID", "timezone": "Asia/Jakarta", "code": "SUB", "region": "asia"},
  {"name": "Manila", "country": "Philippines", "countryCode": "PH", "timezone": "Asia/Manila", "code": "MNL", "region": "asia"},
  {"name": "Cebu", "country": "Philippines", "countryCode": "PH", "timezone": "Asia/Manila", "code": "CEB", "region": "asia"},
  {"name": "Phnom Penh", "country": "Cambodia", "countryCode": "KH", "timezone": "Asia/Phnom_Penh", "code": "PNH", "region": "asia"},
  {"name": "Vientiane", "country": "Laos", "countryCode": "LA", "timezone": "Asia/Vientiane", "code": "VTE", "region": "asia"},
  {"name": "Yangon", "country": "Myanmar", "countryCode": "MM", "timezone": "Asia/Yangon", "code": "RGN", "region": "asia"},
  {"name": "Brunei", "country": "Brunei", "countryCode": "BN", "timezone": "Asia/Brunei", "code": "BWN", "region": "asia"},
  {"name": "Mumbai", "country": "India", "countryCode": "IN", "timezone": "Asia/Kolkata", "code": "BOM", "region": "asia"},
  {"name": "Delhi", "country": "India", "countryCode": "IN", "timezone": "Asia/Kolkata", "code": "DEL", "region": "asia"},
  {"name": "Bangalore", "country": "India", "countryCode": "IN", "timezone": "Asia/Kolkata", "code": "BLR", "region": "asia"},
  {"name": "Chennai", "country": "India", "countryCode": "IN", "timezone": "Asia/Kolkata", "code": "MAA", "region": "asia"},
  {"name": "Kolkata", "country": "India", "countryCode": "IN", "timezone": "Asia/Kolkata", "code": "CCU", "region": "asia"},
  {"name": "Hyderabad", "country": "India", "countryCode": "IN", "timezone": "Asia/Kolkata", "code": "HYD", "region": "asia"},
  {"name": "Goa", "country": "India", "countryCode": "IN", "timezone": "Asia/Kolkata", "code": "GOI", "region": "asia"},
  {"name": "Jaipur", "country": "India", "countryCode": "IN", "timezone": "Asia/Kolkata", "code": "JAI", "region": "asia"},
  {"name": "Dhaka", "country": "Bangladesh", "countryCode": "BD", "timezone": "Asia/Dhaka", "code": "DAC", "region": "asia"},
  {"name": "Colombo", "country": "Sri Lanka", "countryCode": "LK", "timezone": "Asia/Colombo", "code": "CMB", "region": "asia"},
  {"name": "Kathmandu", "country": "Nepal", "countryCode": "NP", "timezone": "Asia/Kathmandu", "code": "KTM", "region": "asia"},
  {"name": "Karachi", "country": "Pakistan", "countryCode": "PK", "timezone": "Asia/Karachi", "code": "KHI", "region": "asia"},
  {"name": "Lahore", "country": "Pakistan", "countryCode": "PK", "timezone": "Asia/Karachi", "code": "LHE", "region": "asia"},
  {"name": "Islamabad", "country": "Pakistan", "countryCode": "PK", "timezone": "Asia/Karachi", "code": "ISB", "region": "asia"},
  {"name": "Thimphu", "country": "Bhutan", "countryCode": "BT", "timezone": "Asia/Thimphu", "code": "PBH", "region": "asia"},
  {"name": "Male", "country": "Maldives", "countryCode": "MV", "timezone": "Indian/Maldives", "code": "MLE", "region": "asia"},
  {"name": "Dubai", "country": "United Arab Emirates", "countryCode": "AE", "timezone": "Asia/Dubai", "code": "DXB", "region": "middleEast"},
  {"name": "Abu Dhabi", "country": "United Arab Emirates", "countryCode": "AE", "timezone": "Asia/Dubai", "code": "AUH", "region": "middleEast"},
  {"name": "Doha", "country": "Qatar", "countryCode": "QA", "timezone": "Asia/Qatar", "code": "DOH", "region": "middleEast"},
  {"name": "Riyadh", "country": "Saudi Arabia", "countryCode": "SA", "timezone": "Asia/Riyadh", "code": "RUH", "region": "middleEast"},
  {"name": "Jeddah", "country": "Saudi Arabia", "countryCode": "SA", "timezone": "Asia/Riyadh", "code": "JED", "region": "middleEast"},
  {"name": "Mecca", "country": "Saudi Arabia", "countryCode": "SA", "timezone": "Asia/Riyadh", "code": "MEC", "region": "middleEast"},
  {"name": "Kuwait City", "country": "Kuwait", "countryCode": "KW", "timezone": "Asia/Kuwait", "code": "KWI", "region": "middleEast"},
  {"name": "Manama", "country": "Bahrain", "countryCode": "BH", "timezone": "Asia/Bahrain", "code": "BAH", "region": "middleEast"},
  {"name": "Muscat", "country": "Oman", "countryCode": "OM", "timezone": "Asia/Muscat", "code": "MCT", "region": "middleEast"},
  {"name": "Tel Aviv", "country": "Israel", "countryCode": "IL", "timezone": "Asia/Jerusalem", "code": "TLV", "region": "middleEast"},
  {"name": "Jerusalem", "country": "Israel", "countryCode": "IL", "timezone": "Asia/Jerusalem", "code": "JRS", "region": "middleEast"},
  {"name": "Amman", "country": "Jordan", "countryCode": "JO", "timezone": "Asia/Amman", "code": "AMM", "region": "middleEast"},
  {"name": "Beirut", "country": "Lebanon", "countryCode": "LB", "timezone": "Asia/Beirut", "code": "BEY", "region": "middleEast"},
  {"name": "Istanbul", "country": "Turkey", "countryCode": "TR", "timezone": "Europe/Istanbul", "code": "IST", "region": "middleEast"},
  {"name": "Ankara", "country": "Turkey", "countryCode": "TR", "timezone": "Europe/Istanbul", "code": "ANK", "region": "middleEast"},
  {"name": "Izmir", "country": "Turkey", "countryCode": "TR", "timezone": "Europe/Istanbul", "code": "ADB", "region": "middleEast"},
  {"name": "Tehran", "country": "Iran", "countryCode": "IR", "timezone": "Asia/Tehran", "code": "THR", "region": "middleEast"},
  {"name": "Baghdad", "country": "Iraq", "countryCode": "IQ", "timezone": "Asia/Baghdad", "code": "BGW", "region": "middleEast"},
  {"name": "Damascus", "country": "Syria", "countryCode": "SY", "timezone": "Asia/Damascus", "code": "DAM", "region": "middleEast"},
  {"name": "Baku", "country": "Azerbaijan", "countryCode": "AZ", "timezone": "Asia/Baku", "code": "GYD", "region": "middleEast"},
  {"name": "Tbilisi", "country": "Georgia", "countryCode": "GE", "timezone": "Asia/Tbilisi", "code": "TBS", "region": "middleEast"},
  {"name": "Yerevan", "country": "Armenia", "countryCode": "AM", "timezone": "Asia/Yerevan", "code": "EVN", "region": "middleEast"},
  {"name": "New York", "country": "United States", "countryCode": "US", "timezone": "America/New_York", "code": "NYC", "region": "northAmerica"},
  {"name": "Boston", "country": "United States", "countryCode": "US", "timezone": "America/New_York", "code": "BOS", "region": "northAmerica"},
  {"name": "Philadelphia", "country": "United States", "countryCode": "US", "timezone": "America/New_York", "code": "PHL", "region": "northAmerica"},
  {"name": "Washington DC", "country": "United States", "countryCode": "US", "timezone": "America/New_York", "code": "DCA", "region": "northAmerica"},
  {"name": "Miami", "country": "United States", "countryCode": "US", "timezone": "America/New_York", "code": "MIA", "region": "northAmerica"},
  {"name": "Atlanta", "country": "United States", "countryCode": "US", "timezone": "America/New_York", "code": "ATL", "region": "northAmerica"},
  {"name": "Charlotte", "country": "United States", "countryCode": "US", "timezone": "America/New_York", "code": "CLT", "region": "northAmerica"},
  {"name": "Detroit", "country": "United States", "countryCode": "US", "timezone": "America/Detroit", "code": "DTW", "region": "northAmerica"},
  {"name": "Chicago", "country": "United States", "countryCode": "US", "timezone": "America/Chicago", "code": "CHI", "region": "northAmerica"},
  {"name": "Houston", "country": "United States", "countryCode": "US", "timezone": "America/Chicago", "code": "HOU", "region": "northAmerica"},
  {"name": "Dallas", "country": "United States", "countryCode": "US", "timezone": "America/Chicago", "code": "DFW", "region": "northAmerica"},
  {"name": "Austin", "country": "United States", "countryCode": "US", "timezone": "America/Chicago", "code": "AUS", "region": "northAmerica"},
  {"name": "San Antonio", "country": "United States", "countryCode": "US", "timezone": "America/Chicago", "code": "SAT", "region": "northAmerica"},
  {"name": "Minneapolis", "country": "United States", "countryCode": "US", "timezone": "America/Chicago", "code": "MSP", "region": "northAmerica"},
  {"name": "New Orleans", "country": "United States", "countryCode": "US", "timezone": "America/Chicago", "code": "MSY", "region": "northAmerica"},
  {"name": "Nashville", "country": "United States", "countryCode": "US", "timezone": "America/Chicago", "code": "BNA", "region": "northAmerica"},
  {"name": "Denver", "country": "United States", "countryCode": "US", "timezone": "America/Denver", "code": "DEN", "region": "northAmerica"},
  {"name": "Phoenix", "country": "United States", "countryCode": "US", "timezone": "America/Phoenix", "code": "PHX", "region": "northAmerica"},
  {"name": "Salt Lake City", "country": "United States", "countryCode": "US", "timezone": "America/Denver", "code": "SLC", "region": "northAmerica"},
  {"name": "Las Vegas", "country": "United States", "countryCode": "US", "timezone": "America/Los_Angeles", "code": "LAS", "region": "northAmerica"},
  {"name": "Albuquerque", "country": "United States", "countryCode": "US", "timezone": "America/Denver", "code": "ABQ", "region": "northAmerica"},
  {"name": "Los Angeles", "country": "United States", "countryCode": "US", "timezone": "America/Los_Angeles", "code": "LAX", "region": "northAmerica"},
  {"name": "San Francisco", "country": "United States", "countryCode": "US", "timezone": "America/Los_Angeles", "code": "SFO", "region": "northAmerica"},
  {"name": "San Diego", "country": "United States", "countryCode": "US", "timezone": "America/Los_Angeles", "code": "SAN", "region": "northAmerica"},
  {"name": "Seattle", "country": "United States", "countryCode": "US", "timezone": "America/Los_Angeles", "code": "SEA", "region": "northAmerica"},
  {"name": "Portland", "country": "United States", "countryCode": "US", "timezone": "America/Los_Angeles", "code": "PDX", "region": "northAmerica"},
  {"name": "San Jose", "country": "United States", "countryCode": "US", "timezone": "America/Los_Angeles", "code": "SJC", "region": "northAmerica"},
  {"name": "Honolulu", "country": "United States", "countryCode": "US", "timezone": "Pacific/Honolulu", "code": "HNL", "region": "northAmerica"},
  {"name": "Anchorage", "country": "United States", "countryCode": "US", "timezone": "America/Anchorage", "code": "ANC", "region": "northAmerica"},
  {"name": "Toronto", "country": "Canada", "countryCode": "CA", "timezone": "America/Toronto", "code": "YYZ", "region": "northAmerica"},
  {"name": "Vancouver", "country": "Canada", "countryCode": "CA", "timezone": "America/Vancouver", "code": "YVR", "region": "northAmerica"},
  {"name": "Montreal", "country": "Canada", "countryCode": "CA", "timezone": "America/Toronto", "code": "YUL", "region": "northAmerica"},
  {"name": "Calgary", "country": "Canada", "countryCode": "CA", "timezone": "America/Edmonton", "code": "YYC", "region": "northAmerica"},
  {"name": "Edmonton", "country": "Canada", "countryCode": "CA", "timezone": "America/Edmonton", "code": "YEG", "region": "northAmerica"},
  {"name": "Ottawa", "country": "Canada", "countryCode": "CA", "timezone": "America/Toronto", "code": "YOW", "region": "northAmerica"},
  {"name": "Quebec City", "country": "Canada", "countryCode": "CA", "timezone": "America/Toronto", "code": "YQB", "region": "northAmerica"},
  {"name": "Winnipeg", "country": "Canada", "countryCode": "CA", "timezone": "America/Winnipeg", "code": "YWG", "region": "northAmerica"},
  {"name": "Halifax", "country": "Canada", "countryCode": "CA", "timezone": "America/Halifax", "code": "YHZ", "region": "northAmerica"},
  {"name": "Mexico City", "country": "Mexico", "countryCode": "MX", "timezone": "America/Mexico_City", "code": "MEX", "region": "northAmerica"},
  {"name": "Cancun", "country": "Mexico", "countryCode": "MX", "timezone": "America/Cancun", "code": "CUN", "region": "northAmerica"},
  {"name": "Guadalajara", "country": "Mexico", "countryCode": "MX", "timezone": "America/Mexico_City", "code": "GDL", "region": "northAmerica"},
  {"name": "Monterrey", "country": "Mexico", "countryCode": "MX", "timezone": "America/Monterrey", "code": "MTY", "region": "northAmerica"},
  {"name": "Tijuana", "country": "Mexico", "countryCode": "MX", "timezone": "America/Tijuana", "code": "TIJ", "region": "northAmerica"},
  {"name": "Guatemala City", "country": "Guatemala", "countryCode": "GT", "timezone": "America/Guatemala", "code": "GUA", "region": "northAmerica"},
  {"name": "San Salvador", "country": "El Salvador", "countryCode": "SV", "timezone": "America/El_Salvador", "code": "SAL", "region": "northAmerica"},
  {"name": "Panama City", "country": "Panama", "countryCode": "PA", "timezone": "America/Panama", "code": "PTY", "region": "northAmerica"},
  {"name": "San Jose", "country": "Costa Rica", "countryCode": "CR", "timezone": "America/Costa_Rica", "code": "SJO", "region": "northAmerica"},
  {"name": "Havana", "country": "Cuba", "countryCode": "CU", "timezone": "America/Havana", "code": "HAV", "region": "northAmerica"},
  {"name": "Kingston", "country": "Jamaica", "countryCode": "JM", "timezone": "America/Jamaica", "code": "KIN", "region": "northAmerica"},
  {"name": "Nassau", "country": "Bahamas", "countryCode": "BS", "timezone": "America/Nassau", "code": "NAS", "region": "northAmerica"},
  {"name": "Santo Domingo", "country": "Dominican Republic", "countryCode": "DO", "timezone": "America/Santo_Domingo", "code": "SDQ", "region": "northAmerica"},
  {"name": "San Juan", "country": "Puerto Rico", "countryCode": "PR", "timezone": "America/Puerto_Rico", "code": "SJU", "region": "northAmerica"},
  {"name": "São Paulo", "country": "Brazil", "countryCode": "BR", "timezone": "America/Sao_Paulo", "code": "GRU", "region": "southAmerica"},
  {"name": "Rio de Janeiro", "country": "Brazil", "countryCode": "BR", "timezone": "America/Sao_Paulo", "code": "GIG", "region": "southAmerica"},
  {"name": "Brasília", "country": "Brazil", "countryCode": "BR", "timezone": "America/Sao_Paulo", "code": "BSB", "region": "southAmerica"},
  {"name": "Salvador", "country": "Brazil", "countryCode": "BR", "timezone": "America/Bahia", "code": "SSA", "region": "southAmerica"},
  {"name": "Fortaleza", "country": "Brazil", "countryCode": "BR", "timezone": "America/Fortaleza", "code": "FOR", "region": "southAmerica"},
  {"name": "Buenos Aires", "country": "Argentina", "countryCode": "AR", "timezone": "America/Argentina/Buenos_Aires", "code": "EZE", "region": "southAmerica"},
  {"name": "Córdoba", "country": "Argentina", "countryCode": "AR", "timezone": "America/Argentina/Cordoba", "code": "COR", "region": "southAmerica"},
  {"name": "Mendoza", "country": "Argentina", "countryCode": "AR", "timezone": "America/Argentina/Mendoza", "code": "MDZ", "region": "southAmerica"},
  {"name": "Santiago", "country": "Chile", "countryCode": "CL", "timezone": "America/Santiago", "code": "SCL", "region": "southAmerica"},
  {"name": "Valparaíso", "country": "Chile", "countryCode": "CL", "timezone": "America/Santiago", "code": "VAP", "region": "southAmerica"},
  {"name": "Lima", "country": "Peru", "countryCode": "PE", "timezone": "America/Lima", "code": "LIM", "region": "southAmerica"},
  {"name": "Cusco", "country": "Peru", "countryCode": "PE", "timezone": "America/Lima", "code": "CUZ", "region": "southAmerica"},
  {"name": "Bogotá", "country": "Colombia", "countryCode": "CO", "timezone": "America/Bogota", "code": "BOG", "region": "southAmerica"},
  {"name": "Medellín", "country": "Colombia", "countryCode": "CO", "timezone": "America/Bogota", "code": "MDE", "region": "southAmerica"},
  {"name": "Cartagena", "country": "Colombia", "countryCode": "CO", "timezone": "America/Bogota", "code": "CTG", "region": "southAmerica"},
  {"name": "Caracas", "country": "Venezuela", "countryCode": "VE", "timezone": "America/Caracas", "code": "CCS", "region": "southAmerica"},
  {"name": "Quito", "country": "Ecuador", "countryCode": "EC", "timezone": "America/Guayaquil", "code": "UIO", "region": "southAmerica"},
  {"name": "Guayaquil", "country": "Ecuador", "countryCode": "EC", "timezone": "America/Guayaquil", "code": "GYE", "region": "southAmerica"},
  {"name": "La Paz", "country": "Bolivia", "countryCode": "BO", "timezone": "America/La_Paz", "code": "LPB", "region": "southAmerica"},
  {"name": "Montevideo", "country": "Uruguay", "countryCode": "UY", "timezone": "America/Montevideo", "code": "MVD", "region": "southAmerica"},
  {"name": "Asunción", "country": "Paraguay", "countryCode": "PY", "timezone": "America/Asuncion", "code": "ASU", "region": "southAmerica"},
  {"name": "Georgetown", "country": "Guyana", "countryCode": "GY", "timezone": "America/Guyana", "code": "GEO", "region": "southAmerica"},
  {"name": "Paramaribo", "country": "Suriname", "countryCode": "SR", "timezone": "America/Paramaribo", "code": "PBM", "region": "southAmerica"},
  {"name": "Cairo", "country": "Egypt", "countryCode": "EG", "timezone": "Africa/Cairo", "code": "CAI", "region": "africa"},
  {"name": "Alexandria", "country": "Egypt", "countryCode": "EG", "timezone": "Africa/Cairo", "code": "ALY", "region": "africa"},
  {"name": "Casablanca", "country": "Morocco", "countryCode": "MA", "timezone": "Africa/Casablanca", "code": "CMN", "region": "africa"},
  {"name": "Marrakech", "country": "Morocco", "countryCode": "MA", "timezone": "Africa/Casablanca", "code": "RAK", "region": "africa"},
  {"name": "Tunis", "country": "Tunisia", "countryCode": "TN", "timezone": "Africa/Tunis", "code": "TUN", "region": "africa"},
  {"name": "Algiers", "country": "Algeria", "countryCode": "DZ", "timezone": "Africa/Algiers", "code": "ALG", "region": "africa"},
  {"name": "Tripoli", "country": "Libya", "countryCode": "LY", "timezone": "Africa/Tripoli", "code": "TIP", "region": "africa"},
  {"name": "Lagos", "country": "Nigeria", "countryCode": "NG", "timezone": "Africa/Lagos", "code": "LOS", "region": "africa"},
  {"name": "Abuja", "country": "Nigeria", "countryCode": "NG", "timezone": "Africa/Lagos", "code": "ABV", "region": "africa"},
  {"name": "Accra", "country": "Ghana", "countryCode": "GH", "timezone": "Africa/Accra", "code": "ACC", "region": "africa"},
  {"name": "Dakar", "country": "Senegal", "countryCode": "SN", "timezone": "Africa/Dakar", "code": "DSS", "region": "africa"},
  {"name": "Abidjan", "country": "Ivory Coast", "countryCode": "CI", "timezone": "Africa/Abidjan", "code": "ABJ", "region": "africa"},
  {"name": "Nairobi", "country": "Kenya", "countryCode": "KE", "timezone": "Africa/Nairobi", "code": "NBO", "region": "africa"},
  {"name": "Mombasa", "country": "Kenya", "countryCode": "KE", "timezone": "Africa/Nairobi", "code": "MBA", "region": "africa"},
  {"name": "Addis Ababa", "country": "Ethiopia", "countryCode": "ET", "timezone": "Africa/Addis_Ababa", "code": "ADD", "region": "africa"},
  {"name": "Dar es Salaam", "country": "Tanzania", "countryCode": "TZ", "timezone": "Africa/Dar_es_Salaam", "code": "DAR", "region": "africa"},
  {"name": "Zanzibar", "country": "Tanzania", "countryCode": "TZ", "timezone": "Africa/Dar_es_Salaam", "code": "ZNZ", "region": "africa"},
  {"name": "Kampala", "country": "Uganda", "countryCode": "UG", "timezone": "Africa/Kampala", "code": "EBB", "region": "africa"},
  {"name": "Kigali", "country": "Rwanda", "countryCode": "RW", "timezone": "Africa/Kigali", "code": "KGL", "region": "africa"},
  {"name": "Johannesburg", "country": "South Africa", "countryCode": "ZA", "timezone": "Africa/Johannesburg", "code": "JNB", "region": "africa"},
  {"name": "Cape Town", "country": "South Africa", "countryCode": "ZA", "timezone": "Africa/Johannesburg", "code": "CPT", "region": "africa"},
  {"name": "Durban", "country": "South Africa", "countryCode": "ZA", "timezone": "Africa/Johannesburg", "code": "DUR", "region": "africa"},
  {"name": "Pretoria", "country": "South Africa", "countryCode": "ZA", "timezone": "Africa/Johannesburg", "code": "PRY", "region": "africa"},
  {"name": "Harare", "country": "Zimbabwe", "countryCode": "ZW", "timezone": "Africa/Harare", "code": "HRE", "region": "africa"},
  {"name": "Lusaka", "country": "Zambia", "countryCode": "ZM", "timezone": "Africa/Lusaka", "code": "LUN", "region": "africa"},
  {"name": "Maputo", "country": "Mozambique", "countryCode": "MZ", "timezone": "Africa/Maputo", "code": "MPM", "region": "africa"},
  {"name": "Windhoek", "country": "Namibia", "countryCode": "NA", "timezone": "Africa/Windhoek", "code": "WDH", "region": "africa"},
  {"name": "Gaborone", "country": "Botswana", "countryCode": "BW", "timezone": "Africa/Gaborone", "code": "GBE", "region": "africa"},
  {"name": "Port Louis", "country": "Mauritius", "countryCode": "MU", "timezone": "Indian/Mauritius", "code": "MRU", "region": "africa"},
  {"name": "Sydney", "country": "Australia", "countryCode": "AU", "timezone": "Australia/Sydney", "code": "SYD", "region": "oceania"},
  {"name": "Melbourne", "country": "Australia", "countryCode": "AU", "timezone": "Australia/Melbourne", "code": "MEL", "region": "oceania"},
  {"name": "Brisbane", "country": "Australia", "countryCode": "AU", "timezone": "Australia/Brisbane", "code": "BNE", "region": "oceania"},
  {"name": "Perth", "country": "Australia", "countryCode": "AU", "timezone": "Australia/Perth", "code": "PER", "region": "oceania"},
  {"name": "Adelaide", "country": "Australia", "countryCode": "AU", "timezone": "Australia/Adelaide", "code": "ADL", "region": "oceania"},
  {"name": "Gold Coast", "country": "Australia", "countryCode": "AU", "timezone": "Australia/Brisbane", "code": "OOL", "region": "oceania"},
  {"name": "Cairns", "country": "Australia", "countryCode": "AU", "timezone": "Australia/Brisbane", "code": "CNS", "region": "oceania"},
  {"name": "Darwin", "country": "Australia", "countryCode": "AU", "timezone": "Australia/Darwin", "code": "DRW", "region": "oceania"},
  {"name": "Hobart", "country": "Australia", "countryCode": "AU", "timezone": "Australia/Hobart", "code": "HBA", "region": "oceania"},
  {"name": "Canberra", "country": "Australia", "countryCode": "AU", "timezone": "Australia/Sydney", "code": "CBR", "region": "oceania"},
  {"name": "Auckland", "country": "New Zealand", "countryCode": "NZ", "timezone": "Pacific/Auckland", "code": "AKL", "region": "oceania"},
  {"name": "Wellington", "country": "New Zealand", "countryCode": "NZ", "timezone": "Pacific/Auckland", "code": "WLG", "region": "oceania"},
  {"name": "Christchurch", "country": "New Zealand", "countryCode": "NZ", "timezone": "Pacific/Auckland", "code": "CHC", "region": "oceania"},
  {"name": "Queenstown", "country": "New Zealand", "countryCode": "NZ", "timezone": "Pacific/Auckland", "code": "ZQN", "region": "oceania"},
  {"name": "Suva", "country": "Fiji", "countryCode": "FJ", "timezone": "Pacific/Fiji", "code": "SUV", "region": "oceania"},
  {"name": "Port Moresby", "country": "Papua New Guinea", "countryCode": "PG", "timezone": "Pacific/Port_Moresby", "code": "POM", "region": "oceania"},
  {"name": "Nouméa", "country": "New Caledonia", "countryCode": "NC", "timezone": "Pacific/Noumea", "code": "NOU", "region": "oceania"},
  {"name": "Papeete", "country": "French Polynesia", "countryCode": "PF", "timezone": "Pacific/Tahiti", "code": "PPT", "region": "oceania"},
  {"name": "Apia", "country": "Samoa", "countryCode": "WS", "timezone": "Pacific/Apia", "code": "APW", "region": "oceania"},
  {"name": "Nadi", "country": "Fiji", "countryCode": "FJ", "timezone": "Pacific/Fiji", "code": "NAN", "region": "oceania"},
  {"name": "Guam", "country": "Guam", "countryCode": "GU", "timezone": "Pacific/Guam", "code": "GUM", "region": "oceania"}
]
